YEAR,AUTHOR,TITLE,GENRE,NOTES,Quotes,Ac,Ar,Dc,I,Cs,S,G,Ae,Ph,P,T,E-LINE,E-SHAPE,E-COLOR,E-TONE,E-TEXTURE,E-DIRECTION,E-SPACE,P-CONTRAST,P-UNITY,P-HARMONY,P-BALANCE,P-EMPHASIS,P-RHYTHM,P-SCALE,P-GRADATION,G-PROXIMITY,G-CLOSURE,G-SIMILARITY,G-RELATIVE_SIZE,G-FIGURE_GROUND,G-SIMPLICITY,R-POSITION,R-FRAME,R-GROWTH,R-DYNAMICS,C-HIERARCHY,C-MODULAR,C-GRID,C-SYMMETRY,I-COHESION,I-DETACHMENT,I-TOUCHING,I-NESTING,I-NETWORK,I-OVERLAPPING,I-INTERPENETRATION,I-SUBTRACTION,I-COINCIDING,M-MEDIA,M-USE,M-CONTEXT,M-SUPERDIVERSITY,M-MATERIAL_COUPLING,M-AI_NETWORK_BIAS,M-VERNACULAR_COSMO,PERCEPTION_TOKEN,E-MATERIAL,P-HAPTIC,P-OPTIC,S-CODE,S-MYTH,M-POWER
450 BCE,Polykleitos,The Canon (Kanon),"Ar-cn, P-opt","proportions of human body for sculpture, balance, symmetry",,,X,,,,,X,,,,,X,X,,,,,,,X,X,X,,,X,,,,,,,X,,,,,,,,X,,,,,,,,,,,,,,,,,,,,,,,
200 BCE-200 CE,Bharata Muni,The Natya Shastra,"Ar-cn, P-emp","Indian classical drama, performance, aesthetic rasa theory",,,X,,,,,,X,X,,,X,X,,,,,,,X,X,X,,,X,,,,,,,,,,,,,,,,,,,,,,,,,,,,,,,,,,,,,,
25 BCE,Marcus Vitruvius Pollio,De architectura (Ten Books on Architecture),Ac-tr,"Classical architectural canon, order, cosmic geometry",,X,,,,,,X,,,,,,,,,,X,X,,X,,X,,,X,,,,,,,X,,,,,,X,,X,,,,,,,,,,,,,,,,,,,,,,,
500-1000,Various,The Shilpa Shastras,"Ar-cn, Ac-tr","Hindu iconometry, divine proportions of physical artifacts",,X,X,X,,,,,,,,,X,X,,,,,X,,X,,X,,,X,,,,,,,,,,,,,X,,X,,,,,,,,,,,,,,,,,,,,,,,
500,Xie He,The Six Principles of Chinese Painting,Ar-cn,"Aesthetic laws of brushwork, spirit resonance, structural form",,,X,,,,,X,,,,,X,X,,,,,,,X,X,X,,,X,,,,,,,X,,,,,,,,,,,,,,,,,,,,,,,,,,,,,,,
c. 1230,Villard de Honnecourt,The Portfolio / Sketchbook,"Ac-tr, Dc-cr","Medieval geometric grids (squares, triangles) applied to architectural engineering, masonry, human figures, and animal forms.",,X,,X,,,X,,,,,,X,X,,,,,,,,,X,,,X,,,X,,,,X,X,X,,,,,X,,X,,,,X,,,,,X,,,,X,,,P-optical,,,,,,
1435/1450,Leon Battista Alberti,De pictura (On Painting),"Ar-cn, P-opt","Mathematical perspective, linear composition, human scale",,,X,,,,,X,,,,,X,X,,,,,X,,X,X,X,,,X,,,,,,,X,,X,,,,,X,,,,,,,,,,,,,,,,,,,,,,,,
1452/1485,Leon Battista Alberti,De re aedificatoria (On the Art of Building),Ac-tr,"Architectural harmony, lineaments, rational structures",,X,,,,,,,,,,,,,,,,,X,,X,,X,,,X,,,,,,,,,,,,,X,,X,,,,,,,,,,,,,,,,,,,,,,,
1464,Leon Battista Alberti,De Statua (On Sculpture),Ar-cn,"Systems of human measurement, definition of plastic form",,,X,,,,,,,,,,,X,,,,,,,X,,X,,,X,,,,,,,,,,,,,,,,,,,,,,,,,,,,,,,,,,,,,,
1486,Mathes Roriczer,Büchlein von der Fialen Gerechtigkeit,"Ac-tr, Dc-cr","Late Gothic geometry, mechanical craft, constructive rules",,X,,,,,,,,,,X,,,,,,,X,,X,,X,,,,,,,,,,,,,,,,,,,,,,,,,,,,,,,,,,,,,,,,,
1490,Leonardo da Vinci,Vitruvian Man,"Ar-cn, P-opt","Symmetry, human proportion acting as cosmological bridge",,X,X,,,,,,X,,,,X,X,,,,,X,,X,,X,,,X,,,,,,,,,,,,,,,X,,,,,,,,,,,,,,,,,,,,,,,
1509,Luca Pacioli,Divine proportion,"Ar-cn, Ac-tr","Mathematical golden ratio applied to art, typography, geometry",,,X,X,,,,X,,,,,X,X,,,,,,,X,X,X,,,,,,,,,,X,,,,,,,,,,,,,,,,,,,,,,,,,,,,,,,
1525,Albrecht Dürer,Four Books on Measurement,"Ar-cn, Dc-cr","Geometric construction, linear perspective for painters/crafts",,,X,X,,,,,,,X,,X,X,,,,,X,,X,X,X,,,,,,,,,,,,X,,,,,X,,,,,,,,,,,,,,,,,,,,,,,,
1528,Albrecht Dürer,Four Books on Human Proportion,"Ar-cn, Dc-cr",Exhaustive structural typology of human physiological forms,,,X,,,,,,,,X,,X,X,,,,,,,X,X,X,,,,,,,,,,,,,,,,,,,,,,,,,,,,,,,,,,,,,,,,,
1529,Geoffroy Tory,Champfleury,"Dc-ty, Ar-cn",The Art and Science of the Proportion of Attic Letters,,,,X,X,,,,,,,,X,X,,,,,,,X,X,X,,,,,,,,,,,,,,,,,,,,,,,,,,,,,,,,,,,,,,,,,
1810,Johann Wolfgang von Goethe,Theory of Colours (Zur Farbenlehre),P-opt,"Subjective color harmony, psychological optical responses",,,,,,,,,X,X,X,,,,X,X,,,,X,X,X,X,,,,,,,,,X,,,,,,,,,,,,,,,,,,,,,,,,,,,,,,,,
1839,Michel Eugène Chevreul,The Law of Simultaneous Contrast of Colors,"P-opt, Dc-cr","Retinal contrast mechanics, physical design application",,,,X,X,,,,,,X,,,,X,X,X,,,X,X,X,X,,,,,,,,,X,,,,,,,,,,,,,,,,,,,,,,,,,,,,,,,,
1851,John Ruskin,The Stones of Venice,"Ac-tr, Dc-cr",Ch - The Nature of Gothic,,X,,,,X,,,,,,,,,,,X,,X,,X,,,,,,,,,,,,,,,,,,,,,,,,,,,,,,,,,,,,,,,,,,,
1856,Owen Jones,The Grammar of Ornament,"Dc-cr, Ar-cn","Global design catalog, decorative geometry, formal rules",,,X,X,,,,,,,,,X,X,,,,,,,X,X,X,,,,,,,,,,,,,,,,,,,,,,,,,,,,,,,,,,,,,,,,,
1860/1863,Gottfried Semper,Style in the Technical and Tectonic Arts,"Ac-tr, Cs-nw",Materialistic origin of architectural form and industrial craft,,X,,X,,,,,,,,X,,,,,X,,X,,X,,X,,,,,,,,,,,,,,,,,,,,,,,,,,,,,,,,,,,,,,,,,
1873,Friedrich Theodor Vischer,Critique of My Aesthetics,P-emp,Pioneering philosophical framework for early empathy theory,,,,,,,,,X,X,,,,,,,,,,,X,,,,,,,,,,,,,,,,,,,,,,,,,,,,,,,,,,,,,,,,,,,
1873,Robert Vischer,On the Optical Sense of Form,P-emp,Bridges aesthetic beauty with somatic ocular response,,,,,,,,,X,X,X,,,,,,,,,,X,,,,,,,,,,,,,,,,,,,,,,,,,,,,,,,,,,,,,,,,,,,
1876,Conrad Fiedler,On Judging Works of Visual Art,"Ar-cn, P-emp","Pure visibility theory, rescuing art from pure philosophy",,,X,,,,,,X,X,,,X,X,,,,,,,X,X,X,,,,,,,,,,,,,,,,,,,,,,,,,,,,,,,,,,,,,,,,,
1876,Johannes Volkelt,The Concept of Symbol in Modern Aesthetics,P-emp,"Psychology of spatial feelings, symbolic perception of form",,,,,,,,,X,X,X,,,,,,,,,,X,,,,,,,,,,,,,,,,,,,,,,,,,,,,,,,,,,,,,,,,,,,
1881,Hermann von Helmholtz,On the Relation of Optics to Painting,P-opt,"Physiological optics, eye as biological machine processing light",,,X,,,,,,,,X,,X,,X,,,,,X,X,X,,,,,,,,,,,,,,,,,,,,,,,,,,,,,,,,,,,,,,,,,,
1886,Ernst Mach,The Analysis of Sensations,"P-opt, G-th","Sensory data points, physical sensations altering perception",,,,,,,,,,X,X,,,,,,,,,,X,,,,,,,,,,,,,,,,,,,,,,,,,,,,,,,,,,,,,,,,,,,
1886,Heinrich Wölfflin,Prolegomena to a Psychology of Architecture,"Ac-tr, P-emp",Formal psychological responses to physical mass and symmetry,,X,,,,,,,X,,X,,,,,,,,X,,X,,X,,,,,,,,,,,,,,,,,,,,,,,,,,,,,,,,,,,,,,,,,
1887,Adolf Göller,What is the Cause of Perpetual Style Change in Architecture?,"Ac-tr, P-emp","Architectural memory fatigue, cognitive processing of form",,X,,,,,,,X,,X,,,,,,,,X,,X,,,,,,,,,,,,,,,,,,,,,,,,,,,,,,,,,,,,,,,,,,,
1887,Wilhelm Dilthey,The Imagination of the Poet: Elements for a Poetic,"Cs-nw, P-emp",Aesthetics of creative inner images and cultural psychology,,,,,,,,,X,X,,,,,,,,,,,X,,,,,,,,,,,,,,,,,,,,,,,,,,,,,,,,,,,,,,,,,,,
1890,Christian von Ehrenfels,On 'Gestalt Qualities',G-th,"Birth of structural psychology, whole greater than sum of parts",,,,,,,,X,,X,X,,,,,,,,,,X,X,,,,,,,,,,,X,,,,,,,,,,,,,,,,,,,,,,,,,,,,,,,
1892,Ernest Francisco Fenollosa,The Significance of Oriental Art,"Ar-cn, Cs-gl","Comparative aesthetics, visual structure over realistic copying",,,X,,,,,,X,,,,X,X,,,,,,,X,X,X,,,,,,,,,,,,,,,,,,,,,,,,,,,,,,,,,,,,,,,,,
1892,Francis Watts Lee,Some Thoughts upon Beauty in Typography,Dc-cr,Typography aesthetic value benchmarks,,,,X,X,,,,,,,,X,X,,,,,,,X,X,X,,,,,,,,,,,,,,,,,,,,,,,,,,,,,,,,,,,,,,,,,
1893/1907,Adolf von Hildebrand,The Problem of Form in Painting and Sculpture,"Ar-cn, P-emp, P-hap",Introduced concepts of kinetic vision (scanning a form over time),,,X,,,,,,X,,X,,X,X,,,,,X,,X,X,X,,,,,,,,,,,,,,,,,,,,,,,,,,,,,,,,,,,,,,,,,
1893,Arthur Wesley Dow,A Note on Japanese Art and What the American Artist May Learn,"Cs-ed, Ar-cn",Visual layout architecture framework baseline,,,,X,X,,,,X,,,,X,X,,,,,,,X,X,X,,,,,,,,,,,,,,,,,,,,,,,,,,,,,,,,,,,,,,,,,
1893,August Schmarsow,The Essence of Architectural Creation,"Ac-tr, P-emp",Architecture as the active bodily creation of spatial cavities,,X,,,,,,,X,,X,,,,,,,,X,,X,,X,,,,,,,,,,,,,,,,,,,,,,,,,,,,,,,,,,,,,,,,,
1893/1897,Theodor Lipps,Space Perception (Raumästhetik),P-emp,"Ocular motor movements, optical illusions, spatial aesthetics",,,,,,,,,X,X,X,,,,,,,,,,X,,,,,,,,,,,,,,,,,,,,,,,,,,,,,,,,,,,,,,,,,,,
1896,Arthur Wesley Dow,Painting with Wooden Blocks,"Cs-ed, Ar-cn",Block print manufacturing aesthetics manual,,,,X,X,X,,,,,,,X,,X,,X,,,,X,X,X,,,,,,,,,,,,,,,,,,,,,,,,,,,,,,,,,,,,,,,,,
1899/1926,Arthur Wesley Dow,Composition: A Series of Exercises in Art Structure for the Use of Students and Teachers,"Cs-ed, Ar-cn","Synthesizes Line, Notan (Tone), and Color into visual structure / Posthumous definitive edition solidifying the foundational visual layout structure matrix.", ,,,X,X,,,,,,,,X,,X,X,,,,,X,X,X,,,,,,,,,,,,,,,,,,,,,,,,,,,,,,,,,,,,,,,,,
1901,Alois Riegl,Late Roman Art Industry (Die spätrömische Kunstindustrie),"Ar-cn, P-hap","Establishes the foundational distinction between haptic (tactile, close-up) and optic (distant, spatial) vision across material artifacts.",,,X,X,,,,,X,X,X,,X,,,,X,,X,X,,,,,,X,,,,,,X,,X,X,,,,,,,,,,,,X,,,,X,,X,,X,,,P-haptic / P-optic,X,X,X,,,
1903-1906,Theodor Lipps,Aesthetics (Ästhetik),P-emp,Comprehensive empathy framework tracking the somatic projection of the ego into architectural masses and lines.,,,,,,,,,X,X,,,,,,,,,,,X,,,,,,,,,,,,,,,,,,,,,,,,,,,,,,,,,,,,,,,,,,,
1904,August Thiersch,Architektonische Composition,Ac-tr,Geometric and proportional layouts detailing mathematical order in architectural building types.,,X,,,,,,,,,,,,,,,,,X,,X,,X,,,X,,,,,,,,,,,,,,,,,,,,,,,,,,,,,,,,,,,,,,
1905,Eugène Grasset,Méthode de composition ornementale,"Cs-ed, Dc-cr",Art Nouveau layout grammar mapping the systematic geometric breakdown of natural forms.,,,X,X,,,,,,,,,X,X,,,,,,,X,X,X,,,,,,,,,,,,,,,,,,,,,,,,,,,,,,,,,,,,,,,,,
1905,Various,Handbuch der Architektur,Ac-tr,"Massive, multi-volume structural encyclopedia of spatial layouts and building types.",,X,,,,,,,,,,,,,,,,,X,,X,,X,,,X,,,,,,,,,,,,,,,,,,,,,,,,,,,,,,,,,,,,,,
1905,Albert H. Munsell,A Color Notation,"P-opt, Dc-cr","Systematic 3D color tree organizing perceptual color along three independent dimensions: Hue, Value, and Chroma.",,,,X,,,,,X,,X,X,,,X,X,,,X,X,X,X,X,,,X,X,,,X,,,,X,,,,,X,X,,,,,,,,,,,X,X,,,X,,,P-optical,,,X,,,
1906,Okakura Kakuzo,The Book of tea,"Cs-gl, Ar-cn","Asymmetry, void space, and Zen philosophy applied to physical material resources.",,,,X,X,X,,,,,,,X,,,,,,X,,X,X,X,,,,,,,,,,,,,,,,,,,,,,,,,,,,,,,,,,,,,,,,,
1907,Denman W. Ross,"A Theory of Pure Design: Harmony, Balance, Rhythm","Cs-ed, Ar-cn","Mathematical laws of visual balance, tone relationships, and line vectors.",,,X,X,,,,,,,,,X,X,,X,,,,,X,X,X,,,,,,,,,,,,,,,,,,,,,,,,,,,,,,,,,,,,,,,,,
1907,Wilhelm Worringer,Abstraction and Empathy,"Ar-cn, P-emp",Socio-psychological drivers mapping the tension between abstract geometric form and realistic empathy projections.,,,X,,,X,X,,X,,,,X,X,,,,,,,X,X,X,,,,,,,,,,,,,,,,,,,,,,,,,,,,,,,,,,,,,,,,,
1908/1912,Arthur Wesley Dow,The theory and practice of teaching art,"Cs-ed, Ar-cn",Pedagogical integration of structural visual grammar into basic art frameworks. / Expanded instructional system standardizing composition blocks., ,,,X,X,,,,,,,X,X,X,X,,,,,,X,X,X,,,,,,,,,,,,,,,,,,,,,,,,,,,,,,,,,,,,,,,,,
1912,Max Wertheimer,Experimentelle Studien über das Sehen von Bewegung,G-th,Phi phenomenon discoveries providing the baseline for dynamic cognitive visual movement.,,,,,,,,X,,,X,,,,,,,,,,X,,,,,,,,,,,,,,,,,,,,,,,,,,,,,,,,,,,,,,,,,,,
1913/1915,Howard Drysdale Hess,Graphics and structural design,"Dc-cr, Cs-ed",Engineering design rules mapping mechanical grids and industrial forces in structural frames. / Second edition updating engineering calculations and load vectors on layout frameworks., ,X,,X,,,,,,,,X,,,,,,,X,,X,,X,,,,,,,,,,,,,,,,,X,,,,,,,,,,,,,,,,,,,,,,,,
1913,Roger Fry,Form and Color,Ar-cn,Formalist exploration linking physical art mediums to aesthetic color rules.,,,X,X,,,,,X,,,,X,,X,,,,,,X,X,X,,,,,,,,,,,,,,,,,,,,,,,,,,,,,,,,,,,,,,,,,
1920,Roger Fry,Vision and Design,Ar-cn,Connects visual elements directly to somatic and evolutionary bodily experiences.,,,X,X,,,,,X,,,,X,,,,,,X,,X,X,X,,,,,,,,,,,,,,,,,,,,,,,,,,,,,,,,,,,,,,,,,
1922,Max Wertheimer,Untersuchungen zur Lehre von der Gestalt. I.,G-th,Inaugural Gestalt manifesto defining whole-body organizational perception systems.,,,,,,,,X,,,X,,,,,,,,,,X,,,,,,,,,,,,X,,,,,,,,,,,,,,,,,,,,,,,,,,,,,,,
1923,Max Wertheimer,Untersung zur Lehre von der Gestalt II,G-th,"Definitive layout of Gestalt laws: proximity, similarity, closure, and good continuation.",,,,,,,,X,,,X,,,,,,,,,,X,,,,,,,X,X,X,,,,,,,,,,,,,,,,,,,,,,,,,,,,,,,,,,
1925,László Moholy-Nagy,PAINTING PHOTOGRAPHY FILM (bauhaus book #8),"Dc-ty, Ar-cn, S-mm","Typographic and photo-mechanical turn, establishing reproducible film/image structures.",,,,,X,,,,,,,X,,,,X,,,,X,X,,,,,,,,,,,,,,,,,,,,,,,,,,,,,,,,,,,,,,,,,,,
1925,Oskar Schlemmer,DIE BÜHNE IM BAUHAUS (bauhaus book #4),"Ar-cn, P-em","Interrelationship of figures, performance space, and somatic costume architecture.",,,X,X,,,,,X,,,,,,,,,,X,,X,X,X,,,,,,,,,,,,,,,,,,,,,,,,,,,,,,,,,,,,,,,,,
1925/1953,Paul Klee,Pedagogical sketchbook (bauhaus book #2),"Cs-ed, Ar-cn","Graphic syntax charting the dynamic, kinetic movement of point, line, and plane vectors.",,,X,X,X,,,,,,,,X,X,,,,X,,,X,X,X,,,,,,,,,,,,,,,,,,,,,,,,,,,,,,,,,,,,,,,,,
1925,Piet Mondrian,Neue Gestaltung: neoplastizismus (bauhaus book #5),Ar-cn,"Manifesto on straight lines, primary tones, and asymmetric visual balance parameters.",,,X,X,,,,,X,,,,X,,X,,,,,,X,X,X,,,,,,,,,,,,,,,,,,,,,,,,,,,,,,,,,,,,,,,,,
1925/1926,Theo van Doesburg,Principles of Neo-Plastic Art (bauhaus book #6),"Ar-cn, Dc-ty",Theoretical rules for reductive linear alignment and elemental visual clarity.,,,X,X,X,,,,,,,,X,X,X,,,,,,X,X,X,,,,,,,,,,,,,,,,,,,,,,,,,,,,,,,,,,,,,,,,,
1925,Walter Gropius,neue arbeiten der bauhaus werkstätten (bauhaus book #7),"Ac-tr, Cs-ed",Exhibition of structural design objects and standardized industrial material craft.,,X,,X,,,,,,,,X,,,,,X,,X,,X,,X,,,,,,,,,,,,,,,,X,,,,,,,,,,,,,,,,,,,,,,,,,
1925,Walter Gropius,internationale architektur (bauhaus book #1),"Ac-tr, Cs-ed",Global architectural survey mapping rational structure away from historical ornament.,,X,,,,,,,,,,,,,,,,,X,,X,,X,,,X,,,,,,,,,,,,,,,,,,,,,,,,,,,,,,,,,,,,,,
1926,Wassily Kandinsky,Point and Line to Plane (Punkt und Linie zu Fläche),"Ar-cn, Dc-ty","Analytical grammar of geometric elements: point as primary silence, line as dynamic tension/force, and the basic plane (ground) as living organism.",,,X,X,,,X,X,X,X,X,X,X,X,X,X,X,X,X,X,X,X,X,X,X,X,X,X,,X,X,X,X,X,X,,X,X,,,X,X,X,X,,X,X,,,,X,,,,X,,,P-optical,X,,X,,,
1928,Jan Tschichold,Die neue Typographie (The New Typography),Dc-ty,"Asymmetric balance, functional typography, standardized paper formats, elemental geometric layout.",,,,X,X,X,X,,X,,,X,X,X,X,X,,X,X,X,X,,X,X,X,X,,X,,X,,X,X,X,X,,,X,X,X,,,X,,,X,X,,,,X,X,X,,X,,,P-optical,,,,,,
1929,Wolfgang Köhler,Gestalt Psychology,G-th,"Psychophysical isomorphism, physical Gestalten, perceptual organization, dynamic field processes.",,,,,,,,X,,X,X,X,,X,,,,,X,,X,X,X,,,,,X,X,X,,X,X,X,X,,,X,,,,X,X,,,,,,,,,,,,,,,P-optical,,,,,,
1935,Kurt Koffka,Principles of Gestalt Psychology,G-th,"Comprehensive treatise on environmental field, behavioral vs geographical environment, Prägnanz, perceptual constancy.",,,,,,,,X,,X,X,X,,X,X,,,,X,,X,X,X,,,,,X,X,X,X,X,X,X,X,,,X,,,,X,X,,,,,,,,,,,,,,,P-optical,,,,,,
1938,John Dewey,Logic: The Theory of Inquiry,"Cs-nw, P-em","Pragmatist ecological inquiry, indeterminate situations transformed into unified wholes through operational action.",,,,,,X,X,,,X,X,,,,,,,,,,X,,X,,,,,,,,,,,,,,,,,,,,,,,,,,,,,X,X,,,,,P-em,,,,,,
1939,Erwin Panofsky,Studies in Iconology,"Ar-cn, S-cd","Three-tiered hermeneutic model: pre-iconographical primary form/expression, iconographical conventional subject matter, and iconological intrinsic meaning.",,,X,,X,X,X,,X,X,,,X,X,X,,,,X,,X,X,,,,,,,,,,X,,X,X,,,X,,,,,,,,X,X,,,,X,,X,,,,,P-optical,,,X,X,X,X
1943/1945,Ladislav Sutnar,"Controlled Visual Flow / Shape, Line and Color","Dc-ty, Dc-cr","Pioneers functional information design: visual traffic control, eye-tracking scan paths, graphic punctuation, bleed tabs, and asymmetric visual flow across spreads.",,,,X,X,,X,X,,,X,X,X,X,X,X,,X,X,X,X,X,X,X,X,X,,X,X,X,X,X,X,X,X,,X,X,X,X,,X,X,X,,X,X,,,,X,X,X,,X,,,P-optical,,,X,X,,
1944,György Kepes,Language of Vision,"G-th, Dc-ty, S-vg","Dynamic optical syntax, transparency, interpenetration, spatial forces, Gestalt laws applied to visual communication.",,,X,X,X,,X,X,X,,X,X,X,X,X,X,X,X,X,X,X,X,X,X,X,X,X,X,X,X,X,X,X,X,X,X,X,X,,X,,X,,X,,X,X,X,,,X,X,X,,X,,,P-optical,,,,,,
1954,Rudolf Arnheim,Art and Visual Perception: A Psychology of the Creative Eye,"G-th, Ar-cn","Psychological forces in visual balance, shape, form, growth, space, light, color, movement, dynamic tension.",,,X,X,,,,X,X,X,X,,X,X,X,X,,X,X,X,X,X,X,X,X,X,,X,X,X,X,X,X,X,X,X,X,X,,,X,X,X,X,,,X,,,,X,,,,,,,P-optical,,,,,,
1957,Roland Barthes,Mythologies,S-cd,"Structural semiotics of visual mass culture; objects, cars, and advertising decoded as naturalized bourgeois ideological signs.",,,,X,X,X,X,,,X,,,X,X,,,,,,X,,,,,,,,,,,,,,,,,,X,,,,,,,,X,,,,,X,X,X,,,,,P-optical,,,,X,X,X
1960,Ernst Gombrich,Art and Illusion,"Ar-cn, P-opt","Psychology of pictorial depiction: making before matching, visual schemata, perceptual ambiguity, and the beholder share.",,,X,,X,X,X,X,X,X,X,,X,X,X,X,X,,X,X,X,X,,,,X,X,,X,,X,X,X,X,X,,,X,,,,,,,,,X,,,,X,,X,,X,,,P-optical,X,,X,X,,
1961,Karl Gerstner,Programme entwerfen (Designing Programmes),Dc-ty,"Algorithmic design methodologies, systematic combinatorial grids, generative formal rules.",,,,X,X,,X,,,,,X,X,X,X,,,,X,X,X,,X,,X,X,,,,X,,,X,X,,,,X,X,X,X,X,,,,X,,,X,X,X,X,,,X,,,P-optical,,,,,,
1961,Johannes Itten,The Art of Color (Kunst der Farbe),"Cs-ed, Ar-cn","Bauhaus preliminary course color grammar: 7 color contrasts (hue, light-dark, cold-warm, complementary, simultaneous, saturation, extension) and 12-part color sphere.",,,X,X,,X,,X,X,,X,X,,X,X,X,,,X,X,X,X,X,X,X,X,X,,,X,X,X,X,X,,,X,,X,,X,X,,X,,,,,,,X,,,,X,,,P-optical,X,,X,,,
1964,Marshall McLuhan,Understanding Media: The Extensions of Man,"S-cd, P-hap",Medium is the message; sensory ratios and bodily extensions; acoustic/tactile participation vs typographic/optical isolation.,,,,,,X,,,,X,X,X,,,,,,,,,,,,,,,,,,,,,,,,,,,,,,,,,,,,,,,X,X,X,,X,,,P-haptic / P-optic,X,X,X,X,X,X
1965,Donald Judd,Specific Objects,"Ar-cn, Cs-nw",Minimalist 3D objects rejecting European relational composition in favor of literal material and whole form.,,,X,,,,,,X,X,,,,X,X,,X,,X,,X,,,,,X,,,,,,,X,X,,,,,X,,,X,X,,,,,,,,X,,X,,X,,,P-optical,X,,,,,
1967,Jacques Bertin,Semiology of Graphics (Sémiologie Graphique),"S-vg, Dc-cr","Foundational visual grammar of graphic information: 2 planar dimensions (x, y) plus 6 retinal visual variables (size, value, texture, color, orientation, shape).",,,,X,X,,X,X,,,X,X,X,X,X,X,X,X,X,X,X,,X,X,,X,X,X,X,X,X,X,X,X,X,,,X,X,X,,X,X,,,X,X,,,X,X,X,X,,X,,,P-optical,,,X,X,,
1968,Josef Albers,Interaction of Color,"Cs-ed, P-opt","Color deception, relativity of perceptual hue/value/saturation, simultaneous contrast.",,,X,X,,,,,X,,X,X,,,X,X,,,X,X,X,X,X,,,,X,,,X,,X,,X,,,,,X,,,,,,X,,X,,,,X,,,,,,,P-optical,,,,,,
1968,Umberto Eco,La struttura assente (The Absent Structure),"S-cd, Ac-tr",Architectural semiotics and spatial codes; articulates denotative functional codes and connotative ideological meanings in built space.,,X,,,,X,X,,,X,,,,,,,,,X,X,,,,,,X,,,,,,,,,,,,X,,X,,,,,,X,,,,,X,X,X,,,,,P-optical,,,,X,,X
1969,Rudolf Arnheim,Visual Thinking,"G-th, Ar-cn",Collapses barrier between raw perception and logical thought,,,,,,,,X,X,X,X,,,,,,,,,,X,X,,,,,,,,,,,X,,,,,,,,,,,,,,,,,,,,,,,,,,,,,,,
1970,J. Christopher Jones,Design methods: seeds of human futures,"Dc-cr, Cs-nw","Systematic layout processes, engineering design frameworks",,,,X,,,,,,,,X,X,X,,,,,,,X,,X,,,,,,,,,,,,,,,,,,,,,,,,,,,,,,,,,,,,,,,,,
1972,Wucius Wong,Principles of Two-dimensional Design,"Cs-ed, Dc-cr","Rigid geometry, modular grids, interrelationships of form",,,,X,X,,,,,,,,X,X,,,,,,,X,X,X,,,,,,,,,,,,,,,,X,X,,,,,X,,X,,,,,,,,,,,,,,,,,
1973,Donis A. Dondis,A Primer of Visual Literacy,"Cs-ed, S-vg","Visual syntax, anatomy of message, elements/principles toolkit",,,,X,X,,,,,,,,X,X,X,,,,,,X,X,X,,,,,,,,,,,,,,,,,,,,,,,,,,,,,,,,,,,,,,,,,
1977,Christopher Alexander et al.,"A Pattern Language: Towns, Buildings, Construction","Ac-tr, P-em","Architectural and spatial syntax patterns; modular environmental networks, socio-spatial affordances.",,X,,X,,X,X,,X,X,,,,X,,,,,X,,X,X,X,,,X,,X,X,,,,,X,X,X,,X,X,X,,X,,X,X,X,,,,,,X,X,,X,,,P-em,,,,,,
1977,David Navon,Forest before trees,"G-th, P-opt",Global processing precedes local analysis in optical scanning,,,,,,,,,,,X,,,,,,,,,,X,,,,,,,,,,,,,,,,,,,,,,,,,,,,,,,,,,,,,,,,,,,
1977,Richard Saul Wurman,Information Architects,Dc-cr,"LATCH framework (Location, Alphabet, Time, Category, Hierarchy); structuring complex data into visual understanding.",,,,X,X,,X,,,,,X,X,X,X,,,,X,X,X,,X,X,,X,,X,,X,,X,,X,,,,X,X,X,,,,,,X,,,,,X,X,X,,,,,P-optical,,,,,,
1979/2007,Francis D.K. Ching,"Architecture: Form, Space, & Order","Ac-tr, Cs-ed",1st edition standard layout framework / Third edition updated grid standards,,X,,,,,,,,,,,,,,,,,X,,X,,X,,,X,,,,,,,,,,,,,,,,,,,,,,,,,,,,,,,,,,,,,,
1979,James J. Gibson,The Ecological Approach to Visual Perception,P-em,Ecological optics and affordances; visual perception as active bodily navigation through ambient optic arrays and environmental layout surfaces., ,,,,,,,,,X,X,X,,,,,X,X,X,X,,,,,,X,X,,,,,X,,,,,X,,,,,,,,,,,,,,,X,X,,X,,,P-em,,,,,,
1981,Josef Müller-Brockmann,Grid Systems in Graphic Design,Dc-ty,"Objective, rational typographic grid rules for visual data layout",,w,,X,X,,,,,,,,X,X,,,,,,,X,,X,,,,,,,,,,,,,,,,X,X,,,,,,,,,,,,,,,,,,,,,,,,
1982,David Marr,Vision: A Computational Investigation,"P-opt, Ph","Computational theory of vision: hierarchical processing from Primal Sketch (zero-crossings, tokens) to 2.5D Sketch (orientation, depth) to 3D Model representations.",,,,,X,,X,X,,X,X,X,X,X,,X,X,X,X,X,,,,,,X,X,X,X,X,X,X,X,X,X,,X,X,X,,X,X,X,,,X,X,,,,X,,,,X,X,,P-optical,,,X,,,
1983,Victor Papanek,Design for human scale,"Dc-cr, Cs-nw",Ergonomic human factor layouts and utilitarian constraints,,,,X,,X,,,,,,,,X,,,,,,,X,,X,,,,,,,,,,,,,,,,,,,,,,,,,,,,,,,,,,,,,,,,,
1983,Vilém Flusser,Towards a Philosophy of Photography,"S-cd, Dc-ty","Philosophy of technical images: photographic surfaces as programmed apparatus symbols, encoding concepts into surfaces, overcoming linear text.",,,,X,X,X,X,,,X,,X,,,,,,,X,,,,,,,,,,,,,,,,X,,,X,X,X,,,,,,X,,,,,X,X,X,,X,X,,P-optical,,,X,X,X,X
1983,Edward Tufte,The Visual Display of Quantitative Information,"Dc-cr, S-vg","Syntax of statistical graphics: data-ink ratio, elimination of chartjunk, micro/macro readings, multifunctional graphical elements, and high-density data matrices.",,,,X,X,,X,X,X,,X,X,X,X,X,X,,,X,X,X,X,X,X,,X,,X,X,X,X,X,X,X,X,,,X,X,X,,X,X,,,X,,,,,X,X,X,,X,,,P-optical,,,X,X,,
1984,Algirdas Julien Greimas,Sémiotique plastique et sémiotique figurative,"S-vg, S-cd","Paris school semiotic bifurcation: figurative semiotics (iconic visual recognition) vs plastic semiotics (autonomous planar topology, eidetic shapes, and chromatic categories).",,,X,,X,,X,,,X,,,X,X,X,X,X,,X,X,,,,,,,,,,,,X,,X,X,,,X,,,,,,,,X,X,,,,X,,X,,,,,P-optical,,,X,X,,
1985,Paul Rand,A designer's art,"Dc-ty, Dc-cr",Synthesis of modern art form with corporate brand systems,,,,X,X,,,,,,,,X,X,,,,,,,X,X,X,,,,,,,,,,,,,,,,,,,,,,,,,,,,,,,,,,,,,,,,,
1985,Robert Hodge & Gunther Kress,Language as Ideology,"S-cd, S-vg",Early foundational text establishing social semiotics.,,,,,,X,X,,,,,,,,,,,,,,,,,,,,,,,,,,,,,,,,,,,,,,,,,,,,X,X,X,,,,,,,,,,,
1991,Apple Computer,The Basic Elements Of Design,Dc-ty,Digital layout documentation metrics,,,,X,X,,,,,,,X,X,X,,,,,,,X,X,X,,,,,,,,,,,,,,,,,,,,,,,,,,,,,,,,,,,,,,,,,
1991,"Francisco Varela, Evan Thompson & Eleanor Rosch",The Embodied Mind,P-em,"Foundational text for active, enactive cognition",,,,,,,,,,X,X,,,,,,,,,,,,,,,,,,,,,,,,,,,,,,,,,,,,,,,,,,,,X,,,,,,,,,
1991,Ellen Lupton & J. Abbott Miller,The ABCs of [△◯▢]: The Bauhaus and Design Theory,"Cs-ed, S-cd",Post-structuralist and feminist deconstruction of Bauhaus foundational syntax: critiques the ideological assumption that elementary shapes carry universal psycholinguistic meaning.,,,X,X,X,X,X,X,X,X,,X,X,X,X,,,,X,X,,,,,,,,,,X,,X,X,X,X,,,X,X,X,X,,,,,X,,,,,X,X,X,,X,,,P-optical,,,X,X,X,X
1993,Wucius Wong,Principles of Form and Design,"Cs-ed, Dc-cr","3D form development, structural intersections, edge operations",,,,X,X,,,,,,,,,X,,,,,,,X,X,X,,,,,,,,,,,,,,,,,,,,,,X,,X,X,,,,,,,,,,,,,,,,
1994,W.J.T. Mitchell,Picture Theory,"Ar-cn, S-cd","Articulates the pictorial turn: imagetext relations, metapictures, and the irreducible tension between visual representation and verbal discourse.",,,X,,X,X,X,,X,X,,,X,X,,,,,X,X,,,,,,,,,,,,X,,X,X,,,X,,,,,,,,X,X,X,,,X,X,X,,X,,,P-optical,,,X,X,X,X
1995,Jay Lemke,Textual Politics,"S-es, Cs-nw",Maps meaning systems within physical ecosystems,,,,,,X,X,,,,,X,,,,,,,,,,,,,,,,,,,,,,,,,,,,,,,,,,,,,,,X,X,X,,X,,,,,,,,,
1996,Arjun Appadurai,Modernity At Large,Cs-gl,Maps visual images circulating via global networks,,,,,X,X,,,,,,X,,,,,,,,,,,,,,,,,,,,,,,,,,,,,,,,,,,,,,,X,X,X,X,,,,,,,,,,
1996,Gunther Kress & Theo van Leeuwen,Reading Images,S-vg,Translates structural layout grammar onto compositions,,,,X,X,X,X,,,,,,X,X,,,,,X,,X,X,X,,,,,,,,,X,,,,,,X,,,,,,,X,,X,,,,X,X,X,,,,,,,,,,,
1996,Philip J. Kellman,The Origins of Object Perception,"G-th, P-opt",Developmental edge extraction and biological visual sorting,,,,,,,,,,,X,,X,,,,,,,,X,,,,,,,,,,,,,,,,,,,,,,,,,,,,,,,,,,,,,,,,,,,
1996,Tim McCreight,Design language Dictionary of terms,Dc-cr,Standardized taxonomy of physical manufacturing and craft terms,,,,X,,,,,,,,,,X,,,,,,,X,,X,,,,,,,,,,,,,,,,,,,,,,,,,,,,,,,,,,,,,,,,,
1997,Paul Mijksenaar,Visual Function: Information Design,"Dc-cr, S-vg","Wayfinding systems, functional maps, clarity in visual data",,,,X,X,,,,,,,,X,X,,,,,,,X,X,X,,,,,,,,,,,,,,,,,,,,,,,,,,,,,,,,,,,,,,,,,
1999,David McCandless,Information is Beautiful,"Dc-cr, S-vg","Data visualization syntax, relational mapping, graphic diagrams synthesizing multi-variable statistical patterns.",,,,X,X,,X,,,,,X,,X,X,,,,X,X,X,,X,,,X,,X,,X,X,X,,X,,,,X,,X,,,,,,X,X,,,,X,X,,,,,,P-optical,,,,,,
1999/2000,John Maeda,Design by Numbers,"Dc-ty, S-vg","Computational grammar of form: code as direct visual syntax, algorithmic looping, coordinate arrays, and procedural parameterization of graphic elements.",,,,X,X,,X,X,X,,X,X,X,X,X,X,,X,X,X,X,X,X,,X,X,X,X,X,X,X,X,X,X,X,X,X,X,X,X,X,X,X,X,X,X,X,X,X,X,X,X,,,X,X,,P-optical,,,X,X,,
2000,Colin Ware,Information Visualization: Perception for Design,"P-opt, Dc-cr","Psychophysics of data graphics: preattentive visual feature channels, 2D/3D spatial depth cues, luminance contrast, and visual working memory in display design.",,,,X,X,,,X,,,X,X,X,X,X,X,X,X,X,X,X,,X,X,,X,X,X,X,X,X,X,X,X,X,,X,X,X,X,,X,X,,,X,X,,,,X,X,,,X,,,P-optical,,,X,,,
2001,Gunther Kress & Theo van Leeuwen,Multimodal Discourse,S-mm,Formally maps simultaneous orchestrated layers of meaning,,,,X,X,,X,,,,,,X,,X,,,,,,X,X,X,,,,,,,,,,,,,,,,,,,,,,,,,,,,X,X,X,,X,,,,,,,,,
2001,Lev Manovich,The Language of New Media,"S-vg, Dc-ty",Decodes computer database logic transforming layouts,,,,,X,X,,,,,,X,X,,,,,,,,,,,,,,,,,,,,,,,,,,,,,,,,,,,,,,X,X,X,,,,,,,,,,,
2003,Bryan Lawson,How Designers Think: The Design Process Demystified,"Dc-cr, P-em","Cognitive mechanics of design problem solving, spatial reasoning, solution-focused strategy.",,X,,X,,X,,,,X,X,,,,,,,,,,X,,X,,,,,,,,,,,,,,,X,,,,,,,,,,,,,,X,X,,,,,P-em,,,,,,
2003,Kees Dorst,Understanding design,Dc-cr,Reflective methodology of industrial design problem solving,,,,X,,,,,,,,,,X,,,,,,,X,,X,,,,,,,,,,,,,,,,,,,,,,,,,,,,,,,,,,,,,,,,,
2004,Kimberly Elam,Grid Systems: Principles of Organizing Type,Dc-ty,Proportional architecture of graphic typography and page margins,,,,X,X,,,,,,,,X,X,,,,,,,X,,X,,,,,,,,,,,,,,,,X,X,,,,,,,,,,,,,,,,,,,,,,,,
2005,Bruno Latour,Reassembling the Social,Cs-nw,Actor-Network-Theory; grants agency to artifacts,,,,,,X,,,,X,,X,,,,,,,,,,,,,,,,,,,,,,,,,,,,,,,,,,,,,,,X,X,X,,X,,,,,,,,,
2005,Theo van Leeuwen,Introducing Social Semiotics,"S-vg, S-mm",Focuses on practical design use cases over rules,,,,X,,X,X,,,,,,X,,,,,,,,X,X,,,,,,,,,,,,,,,,,,,,,,,,,,,,,X,X,X,,X,,,,,,,,,
2006,Michael O'Toole,The Language of Displayed Art,S-vg,Applies visual grammar metrics to architectural layouts,,X,X,,,,X,,,,,,,,,,,,X,,X,X,X,,,,,,,,,,,,,,,X,,,,,,,,,,,,,X,X,X,,,,,,,,,,,
2006,Christian Leborg,Visual Grammar,"Dc-ty, S-vg","Exhaustive visual dictionary of syntax: abstract elements, concrete elements, activities, structural relations (cohesion, detachment, touching, overlapping, interpenetration).",,,X,X,X,,X,X,,,X,X,X,X,X,X,X,X,X,X,X,X,X,X,X,X,X,X,X,X,X,X,X,X,X,X,X,X,X,X,X,X,X,X,X,X,X,X,X,X,X,X,,,X,,,P-optical,,,X,X,,
2007,Timothy Samara,Design elements : a graphic style manual,"Dc-ty, Cs-ed",Standardized visual toolkit breaking down typography and grids,,,,X,X,,,,,,,,X,X,,,,,,,X,,X,,,,,,,,,,,,,,,,,,,,,,,,,,,,,,,,,,,,,,,,,
2010,Jane Bennett,Vibrant Matter,Cs-nw,Investigates political and ecology power of materials,,,,,,X,,,,X,,X,,,,,X,,X,X,,,,,,,,,,,,,,,,,,,,,,,,,,,,,,,,,,X,X,,,,,,,,,
2011,Anthony Baldry & Paul Thibault,Multimodal Transcription,"S-mm, S-vg",Grids to transcribe film and dynamic layouts,,,,,X,X,X,X,,,,,,,,,,,,,,,,,,,,X,,X,,,,,X,,,,,,,,,,,,,,,,X,X,X,,,,,,,,,,,
2014,Ahmed Ali & André Liem,The use of formal aesthetic principles,"Dc-cr, Cs-ed",Empirical product styling and form evaluation matrices,,,,X,,,,,X,,,,,X,,,,,,,X,X,X,,,,,,,,,,,,,,,,,,,,,,,,,,,,,,,,,,,,,,,,,
2014,Alva Noë,Action in Perception,P-em,Proves seeing is an active skill of bodily movement,,,,,,,,X,,X,X,,,,,,,,,,,,,,,,,,,,,,,,,,X,,,,,,,,,,,,,,,,,,X,,,,,,,,,
2016,David A. Lauer & Stephen Pentak,"Design basics, 9th edition",Cs-ed,Foundational text array metrics,,,X,X,,,,,,,,,X,X,,,,,,,X,X,X,,,,,,,,,,,,,,,,,,,,,,,,,,,,,,,,,,,,,,,,,
2016,Louise Ravelli & Robert McMurtrie,Multimodality in the Built Environment,"S-mm, S-vg",Tracks built space as communicative visual text,,X,X,,,X,X,,,,,,,,,,,,X,,X,X,X,,,,,,,,,,,,,,,,,X,,,,,X,X,,,,,,,X,,,,X,,,,,,,
2019,Ryan Pescatore Frisk & Luc Pauwels,The Shared Stories Written Words Tell When No One Is Reading: Typographic Landscapes as an Ecosocial System,"S-es, S-vg, Cs-gl","Typography landscapes as an ecosocial semiotic system; material couplings, urban spatial trajectories, and multimodal modality.",,,,X,X,X,X,,X,X,,,X,X,X,X,X,X,X,X,X,X,X,X,X,X,,X,,X,,X,,X,X,,,X,,X,,X,,,,X,X,,,,X,X,X,X,X,,,P-optical,,,,X,X,X
2020,"Carey Jewitt, Jeff Bezemer & Kay O'Halloran",Introducing Multimodality,"S-mm, Cs-gl",Transnational digital and physical workflows,,,,,X,X,X,,,,,X,,,,,,,,,,,,,,,,,,,,,,,,,,,,,,,,,,,,,,,,,,X,,X,,,,,,,,
2023,Ryan Pescatore Frisk & Catelijne van Middelkoop,Situating the (Un)Common Landscapes of Shared Futures: Developing Speculation as a Co-Design Framework of Cognitive Apprenticeship to Empower Diverse Stakeholders and Contest Bias,"P-em, Cs-nw, Dc-cr","Speculation as operative co-design CA framework; situated practice, cognitive externalization, post-disciplinary discourse, and contesting algorithmic network bias.",,,,X,X,X,,,,X,,X,,,,,,,X,,,,,,,X,,,,,,,,,,,X,X,X,X,,,,,,X,,X,,,X,X,X,X,X,X,X,P-em,,,,X,,X
2024,Maarten W.A. Wijntjes & Catelijne van Middelkoop,"A framework connecting vision and depiction: Axes tracking the twofoldedness of texturing, color, and space","P-hap, P-opt, Ar-cn","Three-dimensional framework connecting vision science and formal depiction; Wollheim twofoldedness across medium/motif, texture, space, color, material, and iconology.",,,X,X,,,,,X,X,X,X,X,,X,X,X,,X,X,,,,,,X,X,,,,,X,,X,X,,,X,,,,,,,,,X,,,,X,,X,,X,,,P-haptic / P-optic,X,X,X,,,
